Смартфон Apple iPhone 15 128GB A3090 / A3089 (розовый);128;3599.0
Смартфон Apple iPhone 15 128GB Dual Sim / A3092 (черный);128;3632.07
Смартфон Apple iPhone 15 128GB A3090 / A3089 (черный);128;3599.0
Смартфон Apple iPhone 15 128GB A3090 / A3089 (синий);128;3599.0
Смартфон Apple iPhone 15 128GB Dual Sim / A3092 (зеленый);128;3399.0
Смартфон Apple iPhone 15 256GB Dual Sim / A3092 (розовый);256;3899.0
Смартфон Apple iPhone 15 256GB Dual Sim / A3092 (черный);256;3930.05
Смартфон Apple iPhone 15 256GB A3090 / A3089 (черный);256;4027.93
Смартфон Apple iPhone 15 256GB Dual Sim / A3092 (синий);256;3930.05
Смартфон Apple iPhone 15 128GB Dual Sim / A3092 (синий);128;3422.07
Смартфон Apple iPhone 15 128GB Dual Sim / A3092 (розовый);128;3422.07
Смартфон Apple iPhone 15 256GB Dual Sim / A3092 (зеленый);256;3899.0
Смартфон Apple iPhone 15 128GB Dual Sim / A3092 (желтый);128;3399.0
Смартфон Apple iPhone 15 128GB A3090 / A3089 (зеленый);128;3599.0
Смартфон Apple iPhone 15 256GB Dual Sim / A3092 (желтый);256;3899.0
Смартфон Apple iPhone 15 256GB A3090 / A3089 (розовый);256;3999.0
Смартфон Apple iPhone 15 256GB A3090 / A3089 (синий);256;3999.0
